num_samples	m_hat_log_area_x0	sigma_hat_log_area_x0	m_err_log_area_x0	sigma_err_log_area_x0	m_hat_log_area_x1	sigma_hat_log_area_x1	m_err_log_area_x1	sigma_err_log_area_x1	m_hat_log_area_x2	sigma_hat_log_area_x2	m_err_log_area_x2	sigma_err_log_area_x2	m_hat_log_perimeter_x0	sigma_hat_log_perimeter_x0	m_err_log_perimeter_x0	sigma_err_log_perimeter_x0	m_hat_log_perimeter_x1	sigma_hat_log_perimeter_x1	m_err_log_perimeter_x1	sigma_err_log_perimeter_x1	m_hat_log_perimeter_x2	sigma_hat_log_perimeter_x2	m_err_log_perimeter_x2	sigma_err_log_perimeter_x2	m_hat_circularity_x0	sigma_hat_circularity_x0	m_err_circularity_x0	sigma_err_circularity_x0	m_hat_circularity_x1	sigma_hat_circularity_x1	m_err_circularity_x1	sigma_err_circularity_x1	m_hat_circularity_x2	sigma_hat_circularity_x2	m_err_circularity_x2	sigma_err_circularity_x2
1	4.991377962202198	0.7094541302399753	0.9913779622021979	-0.2905458697600247	9.598862759354034	1e-06	3.0988627593540343	-1.499999	0.0	1.0	-9.0	0.0	4.198499001900423	0.38975231408192523	0.6984990019004229	-0.11024768591807477	7.063903961472068	1e-06	2.063903961472068	-0.499999	0.0	1.0	-6.0	0.5	0.43491457486883	0.08652808268991159	-0.015085425131170005	-0.11347191731008842	0.13584005812092056	1e-06	-0.3641599418790794	-0.099999	0.0	1.0	-0.7	0.9
2	5.106940852514774	0.6945995288989044	1.1069408525147741	-0.3054004711010956	9.508555605000826	0.1277136024654844	3.0085556050008258	-1.3722863975345156	7.789454566086673	1e-06	-1.2105454339133273	-0.999999	4.292296265760908	0.4084749408305338	0.7922962657609078	-0.09152505916946618	6.9596563800409985	0.14742834350439105	1.9596563800409985	-0.35257165649560895	5.484796933490655	1e-06	-0.5152030665093452	-0.499999	0.4068147130186964	0.0958502239278285	-0.04318528698130364	-0.1041497760721715	0.1539839735086665	0.025659371215900142	-0.3460160264913335	-0.07434062878409986	0.5266531017892889	1e-06	-0.17334689821071103	-0.099999
3	5.024689404414381	0.6936028209421038	1.0246894044143806	-0.3063971790578962	9.549049424110907	0.11434434960135718	3.0490494241109065	-1.3856556503986428	7.789454566086673	1e-06	-1.2105454339133273	-0.999999	4.258344690207753	0.42488888762205296	0.7583446902077533	-0.07511111237794704	6.950586883884835	0.10542450149666206	1.950586883884835	-0.39457549850333795	5.484796933490655	1e-06	-0.5152030665093452	-0.499999	0.4037376081139578	0.10258249488270081	-0.0462623918860422	-0.0974175051172992	0.1634319815758093	0.024433506398142582	-0.3365680184241907	-0.07556649360185742	0.5266531017892889	1e-06	-0.17334689821071103	-0.099999
4	4.992970640751116	0.7470839226411151	0.9929706407511159	-0.2529160773588849	9.512584480747378	0.11847020118371013	3.0125844807473783	-1.3815297988162898	7.524542469594331	0.23580483462810548	-1.4754575304056692	-0.7641951653718946	4.232090185104926	0.4823320545994872	0.7320901851049264	-0.017667945400512808	6.892391336669549	0.14476338351472232	1.892391336669549	-0.3552366164852777	5.2996400305801625	0.20372050580903497	-0.7003599694198375	-0.296279494190965	0.4188818741173154	0.1259758085353238	-0.03111812588268459	-0.0740241914646762	0.17840909179517156	0.03598962089311891	-0.32159090820482844	-0.0640103791068811	0.5959659573112788	0.1371891285376926	-0.10403404268872118	0.0371891285376926
5	4.920623193019697	0.77448250201154	0.9206231930196971	-0.22551749798846	9.382139039263308	0.3092029389353171	2.8821390392633077	-1.190797061064683	7.909648781935855	0.7939123171004562	-1.0903512180641446	-0.20608768289954382	4.191845337598093	0.47933410746723765	0.6918453375980933	-0.020665892532762353	6.815069881361285	0.21356583331588727	1.8150698813612847	-0.2864341666841127	5.5123807150466915	0.4568396052962287	-0.48761928495330853	-0.04316039470377131	0.4221648201100945	0.12602370348087374	-0.027835179889905526	-0.07397629651912627	0.18241256483631957	0.032428052531393324	-0.31758743516368043	-0.06757194746860667	0.5709892338672771	0.12264821583950422	-0.1290107661327229	0.022648215839504215
6	4.794373692761831	0.7800569616220651	0.7943736927618312	-0.21994303837793494	8.85226294852011	1.2746601123434698	2.35226294852011	-0.22533988765653024	8.088584048061191	0.7954946403022423	-0.9114159519388085	-0.20450535969775774	4.1117135074853435	0.4970429608245537	0.6117135074853435	-0.0029570391754463188	6.485483535068964	0.7789582486894047	1.4854835350689637	0.27895824868940466	5.612647603245914	0.4547461523434651	-0.3873523967540864	-0.045253847656534896	0.4417982608562349	0.14685090914452348	-0.008201739143765097	-0.05314909085547653	0.21485631087098497	0.07697103818748631	-0.285143689129015	-0.023028961812513696	0.5573742891421454	0.1104933130818428	-0.14262571085785458	0.0104933130818428
7	4.746799607926011	0.7845967169969348	0.7467996079260111	-0.21540328300306522	8.849967572818676	1.1801238108154435	2.3499675728186755	-0.3198761891845565	8.257054841929143	0.8225228437670603	-0.7429451580708566	-0.1774771562329397	4.0669975480092475	0.5013442625362514	0.5669975480092475	0.0013442625362514171	6.500460333303868	0.7224182376265614	1.5004603333038684	0.22241823762656143	5.71725231023339	0.48071625601861123	-0.2827476897666097	-0.019283743981388768	0.4619405566630819	0.15263353919310396	0.011940556663081914	-0.04736646080689605	0.20778982215948627	0.07401121442988236	-0.29221017784051373	-0.025988785570117648	0.5359764600704785	0.1118669760140288	-0.16402353992952146	0.011866976014028793
8	4.792007356272653	0.8232426012423512	0.7920073562726531	-0.17675739875764884	8.930733034721687	1.1301828264818534	2.430733034721687	-0.3698171735181466	8.257054841929143	0.8225228437670603	-0.7429451580708566	-0.1774771562329397	4.1013700044629875	0.5431387047793933	0.6013700044629875	0.0431387047793933	6.57664744121703	0.7133669287316928	1.5766474412170304	0.21336692873169283	5.71725231023339	0.48071625601861123	-0.2827476897666097	-0.019283743981388768	0.45489029784027296	0.15909832268285914	0.00489029784027295	-0.040901677317140867	0.19626226606521377	0.07738806965076829	-0.3037377339347862	-0.022611930349231715	0.5359764600704785	0.1118669760140288	-0.16402353992952146	0.011866976014028793
9	4.724931045337239	0.8037615515777431	0.7249310453372386	-0.1962384484222569	8.782279210788259	1.1099980067058792	2.282279210788259	-0.3900019932941208	8.341589357500116	0.7834597079781942	-0.6584106424998843	-0.2165402920218058	4.055655494750541	0.5294335618748167	0.5556554947505408	0.029433561874816716	6.462888153018953	0.74856892823472	1.4628881530189526	0.24856892823472	5.763735242154675	0.4557390405196616	-0.2362647578453254	-0.044260959480338424	0.4642691579729926	0.15446795684306355	0.014269157972992608	-0.04553204315693646	0.22324021521350074	0.1255113382393964	-0.27675978478649926	0.025511338239396386	0.5302901333556901	0.1032223673240797	-0.16970986664430987	0.0032223673240796974
10	4.725892466236757	0.801831577919511	0.7258924662367567	-0.19816842208048902	8.82326144846063	1.0678208707082824	2.323261448460631	-0.43217912929171765	8.349729245092721	0.7257080403964918	-0.6502707549072788	-0.27429195960350816	4.048882103243179	0.5243596030849933	0.5488821032431792	0.024359603084993298	6.495773645479489	0.7227665626089972	1.4957736454794892	0.2227665626089972	5.764698477276593	0.42194115980262564	-0.23530152272340743	-0.07805884019737436	0.4705994627529125	0.154295980286967	0.020599462752912467	-0.045704019713033006	0.2170024975225535	0.12160553380402471	-0.2829975024774465	0.021605533804024704	0.5326648467519901	0.09580108966271075	-0.16733515324800985	-0.004198910337289252
11	4.725892466236757	0.801831577919511	0.7258924662367567	-0.19816842208048902	8.82326144846063	1.0678208707082824	2.323261448460631	-0.43217912929171765	8.500217280208298	0.8152548548310663	-0.4997827197917015	-0.1847451451689337	4.048882103243179	0.5243596030849933	0.5488821032431792	0.024359603084993298	6.495773645479489	0.7227665626089972	1.4957736454794892	0.2227665626089972	5.817540407042612	0.42533572083262894	-0.18245959295738778	-0.07466427916737106	0.4705994627529125	0.154295980286967	0.020599462752912467	-0.045704019713033006	0.2170024975225535	0.12160553380402471	-0.2829975024774465	0.021605533804024704	0.5607463263792632	0.12299489081057402	-0.1392536736207367	0.022994890810574015
12	4.737113371950697	0.8131090746662029	0.7371133719506968	-0.18689092533379714	8.804648576796179	1.0245608821104537	2.304648576796179	-0.4754391178895463	8.571259584885988	0.800788128551248	-0.42874041511401195	-0.19921187144875196	4.051503025475855	0.5250423988585506	0.5515030254758546	0.02504239885855064	6.495618275815813	0.6919965263689271	1.4956182758158132	0.19199652636892706	5.861744512744844	0.4246755715724771	-0.13825548725515624	-0.0753244284275229	0.4723377442025942	0.15217605764899644	0.022337744202594212	-0.04782394235100357	0.21213784884234407	0.11774218807326119	-0.2878621511576559	0.01774218807326118	0.5507987466636444	0.12015168012045527	-0.1492012533363556	0.020151680120455262
13	4.737113371950697	0.8131090746662029	0.7371133719506968	-0.18689092533379714	8.804648576796179	1.0245608821104537	2.304648576796179	-0.4754391178895463	8.674247037272073	0.8329501983819134	-0.3257529627279272	-0.16704980161808658	4.051503025475855	0.5250423988585506	0.5515030254758546	0.02504239885855064	6.495618275815813	0.6919965263689271	1.4956182758158132	0.19199652636892706	5.8961564520562915	0.41873667646899376	-0.10384354794370854	-0.08126332353100624	0.4723377442025942	0.15217605764899644	0.022337744202594212	-0.04782394235100357	0.21213784884234407	0.11774218807326119	-0.2878621511576559	0.01774218807326118	0.5721259663667175	0.13414968101000452	-0.12787403363328242	0.03414968101000451
14	4.751107159677221	0.8289945688229705	0.751107159677221	-0.1710054311770295	8.857762261352779	1.0042269728302684	2.3577622613527787	-0.4957730271697316	8.536854643719277	0.9258794710612207	-0.46314535628072306	-0.0741205289387793	4.058488442544699	0.5283527492816036	0.5584884425446992	0.028352749281603584	6.517926609236106	0.6700680072694352	1.5179266092361061	0.17006800726943516	5.821805606547056	0.47511782350092147	-0.1781943934529444	-0.024882176499078534	0.4712924971007338	0.1493651584354539	0.021292497100733776	-0.05063484156454612	0.21238306337586452	0.11312675597203285	-0.28761693662413546	0.013126755972032847	0.5781855650824891	0.12961770445203116	-0.12181443491751087	0.029617704452031157
15	4.751107159677221	0.8289945688229705	0.751107159677221	-0.1710054311770295	8.857762261352779	1.0042269728302684	2.3577622613527787	-0.4957730271697316	8.626644406597249	0.9437286059834289	-0.37335559340275104	-0.05627139401657111	4.058488442544699	0.5283527492816036	0.5584884425446992	0.028352749281603584	6.517926609236106	0.6700680072694352	1.5179266092361061	0.17006800726943516	5.853995624902726	0.46946362871561104	-0.1460043750972737	-0.030536371284388963	0.4712924971007338	0.1493651584354539	0.021292497100733776	-0.05063484156454612	0.21238306337586452	0.11312675597203285	-0.28761693662413546	0.013126755972032847	0.5941249957221013	0.1367608778255855	-0.10587500427789864	0.036760877825585486
16	4.718240206007681	0.8267304554494065	0.7182402060076809	-0.1732695445505935	8.907910683580115	0.9869959857124317	2.4079106835801145	-0.5130040142875683	8.626644406597249	0.9437286059834289	-0.37335559340275104	-0.05627139401657111	4.044623726370797	0.5258667572018078	0.5446237263707969	0.025866757201807755	6.550692097467608	0.6580455891045178	1.550692097467608	0.15804558910451783	5.853995624902726	0.46946362871561104	-0.1460043750972737	-0.030536371284388963	0.46885520343931525	0.1480151447836533	0.018855203439315238	-0.051984855216346715	0.20843697882034593	0.11007778107673288	-0.29156302117965405	0.010077781076732878	0.5941249957221013	0.1367608778255855	-0.10587500427789864	0.036760877825585486
17	4.68499020707116	0.8115854109272164	0.6849902070711602	-0.18841458907278363	8.952062374406939	0.9697458187264946	2.452062374406939	-0.5302541812735054	8.626644406597249	0.9437286059834289	-0.37335559340275104	-0.05627139401657111	4.026618810057753	0.5126742579932427	0.5266188100577534	0.012674257993242732	6.578680694016545	0.6455149227082598	1.578680694016545	0.14551492270825983	5.853995624902726	0.46946362871561104	-0.1460043750972737	-0.030536371284388963	0.46830575881171604	0.14275845057624637	0.018305758811716033	-0.057241549423753646	0.20523800527195613	0.10711230058154583	-0.2947619947280439	0.007112300581545827	0.5941249957221013	0.1367608778255855	-0.10587500427789864	0.036760877825585486
18	4.68599832225914	0.8080770479690473	0.6859983222591399	-0.19192295203095266	8.731919190403223	1.1457302875229938	2.2319191904032234	-0.3542697124770062	8.68749910904791	0.9348584358690833	-0.31250089095209077	-0.06514156413091665	4.024704905446404	0.5089942644096571	0.5247049054464039	0.008994264409657116	6.418069409293143	0.779287811065772	1.4180694092931434	0.27928781106577205	5.89660096756283	0.47838850922506376	-0.10339903243716986	-0.021611490774936237	0.47012367848545683	0.141435813989375	0.02012367848545682	-0.05856418601062502	0.23488554815333051	0.13299025342581342	-0.2651144518466695	0.03299025342581341	0.5810722855090473	0.14017856272910895	-0.11892771449095263	0.04017856272910894
19	4.707510227172975	0.8215433410845423	0.7075102271729747	-0.1784566589154577	8.756729536015643	1.1186892968262694	2.2567295360156425	-0.3813107031737306	8.672218640677787	0.9027939689953227	-0.32778135932221275	-0.09720603100467728	4.0364216562836255	0.5180217231320549	0.5364216562836255	0.018021723132054857	6.4422934650298895	0.7646570996129893	1.4422934650298895	0.26465709961298933	5.892286401544209	0.46128946642200575	-0.10771359845579109	-0.038710533577994255	0.4698713282835335	0.1433243558954284	0.019871328283533496	-0.0566756441045716	0.22950255435525943	0.13135594822405686	-0.27049744564474054	0.03135594822405685	0.5764894415071032	0.1362405695963356	-0.12351055849289672	0.03624056959633559
20	4.726811934257004	0.8300717688486983	0.7268119342570039	-0.16992823115130173	8.551216976132867	1.317075705569152	2.051216976132867	-0.182924294430848	8.719837708046533	0.8927386868454212	-0.28016229195346654	-0.10726131315457876	4.049966672948545	0.5259991277880348	0.5499666729485453	0.025999127788034815	6.31554408557899	0.8657461658541258	1.3155440855789902	0.3657461658541258	5.92029095793068	0.459510815865696	-0.07970904206931984	-0.040489184134304024	0.4667698563199695	0.14437451202810692	0.016769856319969467	-0.055625487971893095	0.24084487670290483	0.13200122166122127	-0.25915512329709517	0.03200122166122127	0.5711215355193779	0.13336075354251486	-0.128878464480622	0.03336075354251486
21	4.726811934257004	0.8300717688486983	0.7268119342570039	-0.16992823115130173	8.551216976132867	1.317075705569152	2.051216976132867	-0.182924294430848	8.777736758228086	0.8967497228916904	-0.22226324177191437	-0.10325027710830958	4.049966672948545	0.5259991277880348	0.5499666729485453	0.025999127788034815	6.31554408557899	0.8657461658541258	1.3155440855789902	0.3657461658541258	5.939113598356568	0.4516373141174238	-0.060886401643432286	-0.048362685882576195	0.4667698563199695	0.14437451202810692	0.016769856319969467	-0.055625487971893095	0.24084487670290483	0.13200122166122127	-0.25915512329709517	0.03200122166122127	0.5837260430416175	0.13919185964619957	-0.1162739569583825	0.03919185964619956
22	4.7206327973492135	0.8276147922897904	0.7206327973492135	-0.1723852077102096	8.59846587627543	1.3042999242595565	2.09846587627543	-0.19570007574044346	8.777736758228086	0.8967497228916904	-0.22226324177191437	-0.10325027710830958	4.045732288016265	0.5285910795607465	0.5457322880162652	0.02859107956074647	6.348058330603405	0.8585354042025791	1.348058330603405	0.3585354042025791	5.939113598356568	0.4516373141174238	-0.060886401643432286	-0.048362685882576195	0.46865068877401733	0.1466406486033678	0.01865068877401732	-0.0533593513966322	0.23644051243697287	0.1304659274184533	-0.26355948756302716	0.030465927418453304	0.5837260430416175	0.13919185964619957	-0.1162739569583825	0.03919185964619956
23	4.698077335364725	0.831374507032602	0.6980773353647249	-0.16862549296739804	8.64354196311581	1.292518367461238	2.14354196311581	-0.20748163253876206	8.777736758228086	0.8967497228916904	-0.22226324177191437	-0.10325027710830958	4.035697921211366	0.5261692743140806	0.5356979212113657	0.02616927431408056	6.373466572384671	0.8476010718322203	1.3734665723846708	0.34760107183222033	5.939113598356568	0.4516373141174238	-0.060886401643432286	-0.048362685882576195	0.4670290513297029	0.14503738668235028	0.017029051329702893	-0.05496261331764973	0.2341289576126531	0.12794747237679804	-0.26587104238734693	0.027947472376798038	0.5837260430416175	0.13919185964619957	-0.1162739569583825	0.03919185964619956
24	4.701291719893819	0.8351312829698389	0.7012917198938187	-0.16486871703016115	8.646631133492887	1.2641984878962316	2.146631133492887	-0.23580151210376843	8.796780553196182	0.8737187891555257	-0.20321944680381776	-0.1262812108444743	4.03860364479673	0.5272470225182424	0.53860364479673	0.027247022518242403	6.377843366960666	0.8292474584235695	1.3778433669606658	0.3292474584235695	5.94990717861435	0.44053908397982167	-0.05009282138565041	-0.059460916020178334	0.4654613041891892	0.14391738531667023	0.015461304189189173	-0.056082614683329784	0.23194438892347893	0.12559191281858506	-0.2680556110765211	0.025591912818585055	0.5814524126876048	0.13538003492004663	-0.11854758731239512	0.03538003492004663
25	4.70799557873476	0.8240566817612645	0.70799557873476	-0.17594331823873555	8.687015624187481	1.2539453410399104	2.187015624187481	-0.2460546589600896	8.796780553196182	0.8737187891555257	-0.20321944680381776	-0.1262812108444743	4.041367648041619	0.5206165195207167	0.5413676480416187	0.020616519520716747	6.3898633168684125	0.8140093290163566	1.3898633168684125	0.3140093290163566	5.94990717861435	0.44053908397982167	-0.05009282138565041	-0.059460916020178334	0.4659382624207781	0.14422038411285368	0.015938262420778115	-0.05577961588714633	0.23511904795181482	0.12396801216655169	-0.2648809520481852	0.023968012166551686	0.5814524126876048	0.13538003492004663	-0.11854758731239512	0.03538003492004663
26	4.695996632442651	0.819644556327937	0.6959966324426512	-0.18035544367206302	8.722615036685477	1.2419476776452167	2.222615036685477	-0.25805232235478326	8.796780553196182	0.8737187891555257	-0.20321944680381776	-0.1262812108444743	4.037900716245442	0.5210544655814449	0.5379007162454421	0.02105446558144486	6.41389989511484	0.8069252906281679	1.4138998951148398	0.30692529062816787	5.94990717861435	0.44053908397982167	-0.05009282138565041	-0.059460916020178334	0.46458079636844946	0.1465705183246932	0.014580796368449445	-0.05342948167530681	0.23191983239075095	0.12255388530872954	-0.268080167609249	0.022553885308729538	0.5814524126876048	0.13538003492004663	-0.11854758731239512	0.03538003492004663
27	4.689618190350236	0.8073022376440204	0.6896181903502363	-0.19269776235597957	8.755261525099568	1.2295877620734452	2.2552615250995682	-0.2704122379265548	8.796780553196182	0.8737187891555257	-0.20321944680381776	-0.1262812108444743	4.038248439852543	0.5112328267701588	0.5382484398525431	0.0112328267701588	6.440187779932979	0.8029591843230778	1.4401877799329794	0.3029591843230778	5.94990717861435	0.44053908397982167	-0.05009282138565041	-0.059460916020178334	0.4609702229590407	0.14527591321584502	0.01097022295904071	-0.054724086784154996	0.22781733363615603	0.12205001785534031	-0.272182666363844	0.022050017855340304	0.5814524126876048	0.13538003492004663	-0.11854758731239512	0.03538003492004663
28	4.688912740936304	0.8039825993328523	0.6889127409363036	-0.19601740066714768	8.785777911218455	1.2173599629846892	2.285777911218455	-0.2826400370153108	8.796780553196182	0.8737187891555257	-0.20321944680381776	-0.1262812108444743	4.040006964479499	0.5113369025342775	0.5400069644794989	0.011336902534277549	6.465842287697135	0.799557609000492	1.4658422876971349	0.299557609000492	5.94990717861435	0.44053908397982167	-0.05009282138565041	-0.059460916020178334	0.4596574071909698	0.14694843480258024	0.009657407190969802	-0.05305156519741977	0.2237392724568772	0.12169696716374659	-0.2762607275431228	0.021696967163746583	0.5814524126876048	0.13538003492004663	-0.11854758731239512	0.03538003492004663
29	4.688912740936304	0.8039825993328523	0.6889127409363036	-0.19601740066714768	8.785777911218455	1.2173599629846892	2.285777911218455	-0.2826400370153108	8.84453534308759	0.874244903025438	-0.15546465691240918	-0.125755096974562	4.040006964479499	0.5113369025342775	0.5400069644794989	0.011336902534277549	6.465842287697135	0.799557609000492	1.4658422876971349	0.299557609000492	5.965189740012057	0.4332785877134472	-0.034810259987943404	-0.06672141228655282	0.4596574071909698	0.14694843480258024	0.009657407190969802	-0.05305156519741977	0.2237392724568772	0.12169696716374659	-0.2762607275431228	0.021696967163746583	0.5921863995670702	0.1396377324353916	-0.10781360043292976	0.03963773243539159
30	4.696461819048891	0.8102035734819111	0.6964618190488912	-0.18979642651808892	8.81379427017081	1.2049068523199753	2.31379427017081	-0.2950931476800247	8.84453534308759	0.874244903025438	-0.15546465691240918	-0.125755096974562	4.046153304823031	0.5146040132338505	0.5461533048230311	0.014604013233850521	6.484398558353188	0.7914835563602411	1.4843985583531882	0.29148355636024115	5.965189740012057	0.4332785877134472	-0.034810259987943404	-0.06672141228655282	0.45766180010542606	0.14681060911147295	0.007661800105426053	-0.05318939088852706	0.2213020724124658	0.12022261102235648	-0.2786979275875342	0.02022261102235648	0.5921863995670702	0.1396377324353916	-0.10781360043292976	0.03963773243539159
31	4.694446526786809	0.8132496743756679	0.694446526786809	-0.18675032562433214	8.824722233630663	1.1854623770230113	2.3247222336306628	-0.31453762297698873	8.838907672850596	0.8512996121676754	-0.16109232714940447	-0.14870038783232464	4.045445470421744	0.5141512130216254	0.5454454704217442	0.014151213021625364	6.490779380462578	0.7785024553074184	1.4907793804625777	0.27850245530741835	5.971155223665212	0.42256541570565875	-0.02884477633478788	-0.07743458429434125	0.45726802673550115	0.14635498851228	0.007268026735501143	-0.053645011487720023	0.22015913241353446	0.11829737877568312	-0.27984086758646554	0.018297378775683118	0.5828732052682228	0.14215189378245638	-0.11712679473177712	0.04215189378245637
32	4.686214485318265	0.8141294952898721	0.6862144853182652	-0.1858705047101279	8.851599150484608	1.1751044382830913	2.351599150484608	-0.3248955617169087	8.838907672850596	0.8512996121676754	-0.16109232714940447	-0.14870038783232464	4.039424329341647	0.5133388333238931	0.5394243293416467	0.013338833323893073	6.500938837654655	0.767504737557109	1.5009388376546546	0.267504737557109	5.971155223665212	0.42256541570565875	-0.02884477633478788	-0.07743458429434125	0.4585261808492325	0.1449354470365877	0.008526180849232512	-0.05506455296341231	0.22085162873626218	0.1163729360728871	-0.2791483712637378	0.01637293607288709	0.5828732052682228	0.14215189378245638	-0.11712679473177712	0.04215189378245637
33	4.703675573411828	0.8161649118370674	0.7036755734118278	-0.1838350881629326	8.87344709838636	1.1625837103551302	2.373447098386359	-0.3374162896448698	8.838907672850596	0.8512996121676754	-0.16109232714940447	-0.14870038783232464	4.047618125861315	0.5123266047570658	0.5476181258613151	0.012326604757065818	6.518154987195318	0.7612792778149646	1.5181549871953184	0.26127927781496463	5.971155223665212	0.42256541570565875	-0.02884477633478788	-0.07743458429434125	0.45891161804464586	0.14483457081703993	0.008911618044645853	-0.05516542918296008	0.21809428701043776	0.11553827985013293	-0.28190571298956224	0.015538279850132924	0.5828732052682228	0.14215189378245638	-0.11712679473177712	0.04215189378245637
34	4.709280426142616	0.8003009483505469	0.709280426142616	-0.19969905164945312	8.895464301289138	1.1512429562659499	2.395464301289138	-0.34875704373405014	8.838907672850596	0.8512996121676754	-0.16109232714940447	-0.14870038783232464	4.049704251748343	0.5039905343786837	0.5497042517483433	0.0039905343786836855	6.5337984097019906	0.7546595073454351	1.5337984097019906	0.2546595073454351	5.971155223665212	0.42256541570565875	-0.02884477633478788	-0.07743458429434125	0.45980399205203215	0.14511306311319266	0.00980399205203214	-0.05488693688680735	0.21585730578386872	0.11444242974103673	-0.28414269421613125	0.014442429741036725	0.5828732052682228	0.14215189378245638	-0.11712679473177712	0.04215189378245637
35	4.696334856578449	0.7985852205617332	0.6963348565784493	-0.2014147794382668	8.918368297323617	1.1415051786314567	2.4183682973236174	-0.35849482136854327	8.838907672850596	0.8512996121676754	-0.16109232714940447	-0.14870038783232464	4.0413233004881794	0.5031237887391444	0.5413233004881794	0.0031237887391444286	6.537602359298721	0.7434682541237243	1.5376023592987211	0.2434682541237243	5.971155223665212	0.42256541570565875	-0.02884477633478788	-0.07743458429434125	0.46134923981460385	0.14455942866322805	0.01134923981460384	-0.055440571336771965	0.21911897066570257	0.11428865380920698	-0.2808810293342974	0.014288653809206978	0.5828732052682228	0.14215189378245638	-0.11712679473177712	0.04215189378245637
36	4.681148099805442	0.7881657631134263	0.6811480998054424	-0.21183423688657366	8.939089636849332	1.131254890906177	2.4390896368493316	-0.36874510909382296	8.838907672850596	0.8512996121676754	-0.16109232714940447	-0.14870038783232464	4.032688629229513	0.49638020193690596	0.5326886292295132	-0.0036197980630940374	6.55219618928224	0.7375243272345057	1.55219618928224	0.23752432723450567	5.971155223665212	0.42256541570565875	-0.02884477633478788	-0.07743458429434125	0.46174687848289325	0.14298058619365125	0.011746878482893242	-0.05701941380634876	0.21704527320762546	0.11326177954838434	-0.28295472679237454	0.01326177954838434	0.5828732052682228	0.14215189378245638	-0.11712679473177712	0.04215189378245637
37	4.688138063266796	0.7899208087537781	0.6881380632667957	-0.21007919124622187	8.957050754052952	1.1201729144592731	2.4570507540529523	-0.37982708554072686	8.838907672850596	0.8512996121676754	-0.16109232714940447	-0.14870038783232464	4.035678641790802	0.4969324145860325	0.5356786417908017	-0.0030675854139675107	6.5663150830799495	0.7318314582537243	1.5663150830799495	0.2318314582537243	5.971155223665212	0.42256541570565875	-0.02884477633478788	-0.07743458429434125	0.4620857917263001	0.14281688453666003	0.012085791726300088	-0.057183115463339984	0.21476582776256023	0.11246671153933602	-0.28523417223743974	0.012466711539336012	0.5828732052682228	0.14215189378245638	-0.11712679473177712	0.04215189378245637
38	4.690946987293766	0.7837987329809205	0.6909469872937661	-0.2162012670190795	8.965772980881022	1.1057789163311027	2.465772980881022	-0.3942210836688973	8.820019407703032	0.8342467116860183	-0.1799805922969675	-0.16575328831398173	4.037215526859656	0.4934371686883997	0.5372155268596561	-0.006562831311600292	6.574185325768204	0.7231818188883659	1.5741853257682044	0.22318181888836586	5.964801662879533	0.4128936624008322	-0.03519833712046694	-0.0871063375991678	0.4619099258402255	0.14268244523834428	0.011909925840225488	-0.05731755476165573	0.2129947773976277	0.1114157154273576	-0.28700522260237227	0.0114157154273576	0.5788457736809723	0.13977634696053354	-0.12115422631902761	0.03977634696053353
39	4.689984305785548	0.7861474814294815	0.6899843057855479	-0.21385251857051846	8.974275645848108	1.0919922239218505	2.474275645848108	-0.40800777607814953	8.79939899379297	0.8198662666277549	-0.20060100620703025	-0.18013373337224514	4.0370696849023835	0.4938070906344312	0.5370696849023835	-0.006192909365568822	6.58180685381254	0.7148876541089876	1.58180685381254	0.21488765410898758	5.954280736243996	0.40595344921698223	-0.04571926375600377	-0.09404655078301777	0.4616173389557413	0.14268715664930687	0.011617338955741296	-0.05731284335069314	0.2113032582197684	0.11039334079435201	-0.28869674178023164	0.010393340794352002	0.5784199017133796	0.1364223719461302	-0.12158009828662031	0.03642237194613018
40	4.694085273208122	0.7815424297767013	0.6940852732081222	-0.2184575702232987	8.989868233660692	1.0819190614080887	2.489868233660692	-0.4180809385919113	8.79939899379297	0.8198662666277549	-0.20060100620703025	-0.18013373337224514	4.039393626498369	0.4918567889940076	0.5393936264983692	-0.008143211005992412	6.594386726805485	0.7097796636429508	1.5943867268054852	0.20977966364295075	5.954280736243996	0.40595344921698223	-0.04571926375600377	-0.09404655078301777	0.461024715015192	0.14139770134122778	0.011024715015191977	-0.05860229865877223	0.20925346068499479	0.10968068407353249	-0.2907465393150052	0.00968068407353248	0.5784199017133796	0.1364223719461302	-0.12158009828662031	0.03642237194613018
41	4.704476040345384	0.7780231743641282	0.7044760403453836	-0.22197682563587184	9.005121897673627	1.072306743825919	2.505121897673627	-0.42769325617408094	8.79939899379297	0.8198662666277549	-0.20060100620703025	-0.18013373337224514	4.043201785963021	0.4874308323343844	0.5432017859630207	-0.01256916766561561	6.60169034969861	0.7021419140376858	1.6016903496986101	0.20214191403768578	5.954280736243996	0.40595344921698223	-0.04571926375600377	-0.09404655078301777	0.461974425664865	0.1408749244573361	0.011974425664865007	-0.05912507554266391	0.20887139231428947	0.10829235316068704	-0.2911286076857105	0.008292353160687035	0.5784199017133796	0.1364223719461302	-0.12158009828662031	0.03642237194613018
42	4.685934270789337	0.7765115918512335	0.6859342707893372	-0.22348840814876647	9.02100915544773	1.0636937117309737	2.5210091554477305	-0.4363062882690263	8.79939899379297	0.8198662666277549	-0.20060100620703025	-0.18013373337224514	4.0310356779988155	0.4871081111886371	0.5310356779988155	-0.012891888811362884	6.608537840462006	0.6946946085023595	1.6085378404620059	0.19469460850235953	5.954280736243996	0.40595344921698223	-0.04571926375600377	-0.09404655078301777	0.4646006566733497	0.14084170650269212	0.014600656673349699	-0.05915829349730789	0.20882410085325476	0.10693055973399626	-0.29117589914674524	0.0069305597339962555	0.5784199017133796	0.1364223719461302	-0.12158009828662031	0.03642237194613018
43	4.698894098839217	0.7768707284018741	0.6988940988392169	-0.2231292715981259	9.028753434822795	1.0518398223507124	2.5287534348227947	-0.4481601776492876	8.770117594180574	0.813232583919018	-0.22988240581942598	-0.18676741608098202	4.0376912666807945	0.48633435190988367	0.5376912666807945	-0.013665648090116334	6.618760891009273	0.6893615196599099	1.6187608910092726	0.18936151965990988	5.9443923454328305	0.3994450172431758	-0.05560765456716954	-0.10055498275682417	0.46415559335608075	0.14008305798909082	0.014155593356080742	-0.05991694201090919	0.20649859384937583	0.10668832320337213	-0.29350140615062414	0.006688323203372121	0.5729934337995617	0.1358027130619233	-0.12700656620043826	0.035802713061923286
44	4.695466446729196	0.7773589242063638	0.6954664467291964	-0.22264107579363623	9.042481653147536	1.0431341674210812	2.5424816531475365	-0.4568658325789188	8.770117594180574	0.813232583919018	-0.22988240581942598	-0.18676741608098202	4.036848302167171	0.486175705345114	0.5368483021671713	-0.013824294654885994	6.628752182118869	0.6842492769826622	1.6287521821188689	0.18424927698266225	5.9443923454328305	0.3994450172431758	-0.05560765456716954	-0.10055498275682417	0.4631520591972984	0.1395400508801895	0.013152059197298394	-0.06045994911981051	0.20502155256286025	0.10585461641229314	-0.29497844743713975	0.005854616412293137	0.5729934337995617	0.1358027130619233	-0.12700656620043826	0.035802713061923286
45	4.693095269345714	0.7772058106365389	0.6930952693457142	-0.22279418936346107	9.055641671039947	1.034622518269347	2.5556416710399468	-0.4653774817306531	8.770117594180574	0.813232583919018	-0.22988240581942598	-0.18676741608098202	4.033116549962391	0.48625823037597365	0.5331165499623909	-0.013741769624026345	6.634330507421924	0.6772576676620592	1.6343305074219243	0.1772576676620592	5.9443923454328305	0.3994450172431758	-0.05560765456716954	-0.10055498275682417	0.46551292730610244	0.1399161673002923	0.015512927306102431	-0.06008383269970771	0.20497884823509951	0.10461689163126943	-0.2950211517649005	0.004616891631269424	0.5729934337995617	0.1358027130619233	-0.12700656620043826	0.035802713061923286
46	4.696471409926463	0.780678019077623	0.6964714099264633	-0.21932198092237698	9.067768932400982	1.0260280986450718	2.5677689324009823	-0.47397190135492817	8.770117594180574	0.813232583919018	-0.22988240581942598	-0.18676741608098202	4.034991571199723	0.4890099602347611	0.5349915711997228	-0.01099003976523888	6.644065871713379	0.6726949002962219	1.6440658717133791	0.17269490029622192	5.9443923454328305	0.3994450172431758	-0.05560765456716954	-0.10055498275682417	0.46541525179801146	0.14004705779671764	0.015415251798011453	-0.05995294220328237	0.2033988432312131	0.10396292454695777	-0.2966011567687869	0.003962924546957763	0.5729934337995617	0.1358027130619233	-0.12700656620043826	0.035802713061923286
47	4.69199778798524	0.7835277450538236	0.6919977879852404	-0.2164722549461764	9.079446710756384	1.0176505398367803	2.5794467107563843	-0.48234946016321967	8.770117594180574	0.813232583919018	-0.22988240581942598	-0.18676741608098202	4.032514707555867	0.49186623470586516	0.5325147075558672	-0.008133765294134843	6.653155562160622	0.6680292639771558	1.653155562160622	0.16802926397715578	5.9443923454328305	0.3994450172431758	-0.05560765456716954	-0.10055498275682417	0.4659546539873598	0.1407670321950294	0.01595465398735979	-0.059232967804970615	0.20195839731416995	0.10326446702265993	-0.29804160268583	0.0032644670226599226	0.5729934337995617	0.1358027130619233	-0.12700656620043826	0.035802713061923286
48	4.700674326024801	0.7849242668666627	0.7006743260248012	-0.21507573313333728	9.090541352386005	1.009398129482668	2.590541352386005	-0.49060187051733206	8.770117594180574	0.813232583919018	-0.22988240581942598	-0.18676741608098202	4.0399976618408555	0.495598334642933	0.5399976618408555	-0.004401665357066986	6.6621121845869355	0.6635752533457938	1.6621121845869355	0.16357525334579381	5.9443923454328305	0.3994450172431758	-0.05560765456716954	-0.10055498275682417	0.4636361346294661	0.141823615177934	0.013636134629466112	-0.058176384822066024	0.20049889964824089	0.10262480262299564	-0.29950110035175914	0.0026248026229956367	0.5729934337995617	0.1358027130619233	-0.12700656620043826	0.035802713061923286
49	4.695180575555562	0.7860582451005865	0.695180575555562	-0.21394175489941347	9.101772629146138	1.0016291649761504	2.6017726291461383	-0.4983708350238496	8.770117594180574	0.813232583919018	-0.22988240581942598	-0.18676741608098202	4.036462422668195	0.49706282357225423	0.5364624226681949	-0.002937176427745769	6.665104067270896	0.6568051566370251	1.6651040672708959	0.1568051566370251	5.9443923454328305	0.3994450172431758	-0.05560765456716954	-0.10055498275682417	0.46457924950566265	0.1422940865448624	0.01457924950566264	-0.05770591345513762	0.20121543008856582	0.10164847346593078	-0.2987845699114342	0.0016484734659307776	0.5729934337995617	0.1358027130619233	-0.12700656620043826	0.035802713061923286
50	4.705196633984213	0.791770041413903	0.7051966339842126	-0.20822995858609705	9.11112874478616	0.9933020797933255	2.6111287447861606	-0.5066979202066745	8.770117594180574	0.813232583919018	-0.22988240581942598	-0.18676741608098202	4.042524231729642	0.4997497352230785	0.5425242317296419	-0.00025026477692152715	6.67446261253485	0.6532206330441057	1.6744626125348496	0.15322063304410571	5.9443923454328305	0.3994450172431758	-0.05560765456716954	-0.10055498275682417	0.46370682731591606	0.14258201464799328	0.013706827315916048	-0.057417985352006734	0.19947541146654624	0.10131884892148038	-0.30052458853345376	0.0013188489214803756	0.5729934337995617	0.1358027130619233	-0.12700656620043826	0.035802713061923286
